{
   "name": "Создатель Тронелиума",
   "description": "",
   "type": "genericCrafter",
   "outputItem": {"item": "tron-el", "amount": 1},
   "size": 3,
   "health": 2000,
   "consumes": {
      "liquids": {
         "liquids": [
           {"liquid": "water", "amount": 2}
         ]
      },
      "items": {
         "items": [
            {"item": "kwar", "amount": 3},
            {"item": "rel", "amount": 1}
         ]
      },
      "power": 2.4
   },
   "research": {
     "parent": "rel-crafter",
     "requirements": [
       {"item": "titanium", "amount":  2000},
       {"item": "copper", "amount": 5000},
       {"item": "kwar", "amount": 1000},
      {"item": "metallimet", "amount": 7000},
       {"item": "larn", "amount": 700}
     ]
   },
   "category": "crafting",
   "requirements": [
     {"item": "kwar", "amount": 200},
     {"item": "metallimet", "amount": 600},
     {"item": "copper", "amount": 800}
   ],
   "objectives": [
            {
            type: "SectorComplete",
            preset: "amor-island"
        }
	     "relium"
	]
}