{
   "name": "Метаметалловая стена",
   "type": "Wall",
   "description": "",
   "health": 320,
   "size": 1,
   "requirements": [
       {"item": "metallimet", "amount": 15}
   ],
   "research": {
       "parent": "core-metallimet",
       "requirements": [
           {"item": "metallimet", "amount":  500}
           {"item": "copper", "amount": 600}
       ],
       "objectives": [
         {
            "type": "OnSector",
            "preset": "dosarium-ravnina"
         }
       ]
   },
   "category": "defense"
}