{
   "type": "Conveyor",
   "name": "Кварезитовый конвейер",
   "description": "",
   "requirements": [
        {"item": "kwar", "amount": 1},
        {"item": "lead", "amount": 5},
        {"item": "metallimet", "amount": 5}
   ],
   "category": "distribution",
   "speed": 0.15,
   "displayedSpeed": 4,
   "health": 350,
   "research": {
        "parent": "core-metallimet",
        "requirements": [
              {"item": "larn", "amount": 50},
              {"item": "kwar", "amount": 30},
              {"item": "copper", "amount": 80},
              {"item": "metallimet", "amount": 60}
        ],
        "objectives": [
          {
             "type": "SectorComplete",
             "preset": "ice-glade"
          }
        ]
   }
}