{
   "name": "Larnos Planet",
   "author": "Ochpochmaks",
   "description": "New planet for Mindustry! Новая планета для Mindustry! В этой версии:
-Почти полная кампания на Ларно
-Более 70 нововведений
-3 Планеты, 2 из которых рабочие, 1 из них почти доделанная",
   "subtitle": "Новая кампания! Всегда будет расширяться!",
   "version": 0.5.1,
   "minGameVersion": 136
}